-- CART
INSERT INTO PUBLIC.CART (ID, AUTH_ID, EXPIRY_DATE) VALUES ('1d6f79d9-f36b-4bb4-aa35-f39c84571dc2', 'TESTER-001', null);

-- DELIVERY_OPTION
INSERT INTO PUBLIC.DELIVERY_OPTION (ID, FEE, FEE_UPDATED_AT) VALUES (1, 100000, '2023-11-23 07:20:27.201244');

-- LICENSE_IMAGE

-- LICENSE_OPTION

-- LICENSE_OPTION_DETAIL

-- ORDER_DELIVERY

-- ORDER_DESTINATION
INSERT INTO PUBLIC.ORDER_DESTINATION (ID, ADDRESS1, ADDRESS2, RECEIVER_EMAIL, RECEIVER_NAME, RECEIVER_PHONE_NUMBER, ZIP_CODE) VALUES ('23345303-57a4-4e33-be95-c079c6f87fe7', '경기도 어딘가', '101동 101호', 'email', 'receiver', '01012341234', '12345');
INSERT INTO PUBLIC.ORDER_DESTINATION (ID, ADDRESS1, ADDRESS2, RECEIVER_EMAIL, RECEIVER_NAME, RECEIVER_PHONE_NUMBER, ZIP_CODE) VALUES ('9ebb1651-496c-49e3-98ad-ee4265366d32', '경기도 어딘가', '101동 101호', 'email', 'receiver', '01012341234', '12345');
INSERT INTO PUBLIC.ORDER_DESTINATION (ID, ADDRESS1, ADDRESS2, RECEIVER_EMAIL, RECEIVER_NAME, RECEIVER_PHONE_NUMBER, ZIP_CODE) VALUES ('a0cd92d8-c273-443b-bfd1-8e4b11625e1d', '경기도 어딘가', '101동 101호', 'email', 'receiver', '01012341234', '12345');
INSERT INTO PUBLIC.ORDER_DESTINATION (ID, ADDRESS1, ADDRESS2, RECEIVER_EMAIL, RECEIVER_NAME, RECEIVER_PHONE_NUMBER, ZIP_CODE) VALUES ('faef124d-38ab-4004-b4d7-6752b4539216', '경기도 어딘가', '101동 101호', 'email', 'receiver', '01012341234', '12345');
INSERT INTO PUBLIC.ORDER_DESTINATION (ID, ADDRESS1, ADDRESS2, RECEIVER_EMAIL, RECEIVER_NAME, RECEIVER_PHONE_NUMBER, ZIP_CODE) VALUES ('3481bf52-81f8-46aa-a475-4b522f6e52fe', '경기도 어딘가', '101동 101호', 'email', 'receiver', '01012341234', '12345');
INSERT INTO PUBLIC.ORDER_DESTINATION (ID, ADDRESS1, ADDRESS2, RECEIVER_EMAIL, RECEIVER_NAME, RECEIVER_PHONE_NUMBER, ZIP_CODE) VALUES ('15149d69-929a-4e17-a627-856834a845c5', '경기도 어딘가', '101동 101호', 'email', 'receiver', '01012341234', '12345');
INSERT INTO PUBLIC.ORDER_DESTINATION (ID, ADDRESS1, ADDRESS2, RECEIVER_EMAIL, RECEIVER_NAME, RECEIVER_PHONE_NUMBER, ZIP_CODE) VALUES ('bc770abd-432c-4b23-b539-5bfbaca2a4c9', '경기도 어딘가', '101동 101호', 'email', 'receiver', '01012341234', '12345');
INSERT INTO PUBLIC.ORDER_DESTINATION (ID, ADDRESS1, ADDRESS2, RECEIVER_EMAIL, RECEIVER_NAME, RECEIVER_PHONE_NUMBER, ZIP_CODE) VALUES ('b2c87fb1-c5a5-4345-8eff-bdf3cdae853a', '경기도 어딘가', '101동 101호', 'email', 'receiver', '01012341234', '12345');
INSERT INTO PUBLIC.ORDER_DESTINATION (ID, ADDRESS1, ADDRESS2, RECEIVER_EMAIL, RECEIVER_NAME, RECEIVER_PHONE_NUMBER, ZIP_CODE) VALUES ('9737ef19-bf56-44d7-bdee-b4fb65106b8b', '경기도 어딘가', '101동 101호', 'email', 'receiver', '01012341234', '12345');
INSERT INTO PUBLIC.ORDER_DESTINATION (ID, ADDRESS1, ADDRESS2, RECEIVER_EMAIL, RECEIVER_NAME, RECEIVER_PHONE_NUMBER, ZIP_CODE) VALUES ('ea133e29-e5e6-4cd9-a42e-6f1c04a8711d', '경기도 어딘가', '101동 101호', 'email', 'receiver', '01012341234', '12345');
INSERT INTO PUBLIC.ORDER_DESTINATION (ID, ADDRESS1, ADDRESS2, RECEIVER_EMAIL, RECEIVER_NAME, RECEIVER_PHONE_NUMBER, ZIP_CODE) VALUES ('e370e23a-f98f-46c0-ac3e-55ea3db6f222', '경기도 어딘가', '101동 101호', 'email', 'receiver', '01012341234', '12345');
INSERT INTO PUBLIC.ORDER_DESTINATION (ID, ADDRESS1, ADDRESS2, RECEIVER_EMAIL, RECEIVER_NAME, RECEIVER_PHONE_NUMBER, ZIP_CODE) VALUES ('3db95c7c-3202-4e0c-8aaa-8acb4e192ce2', '경기도 어딘가', '101동 101호', 'email', 'receiver', '01012341234', '12345');
INSERT INTO PUBLIC.ORDER_DESTINATION (ID, ADDRESS1, ADDRESS2, RECEIVER_EMAIL, RECEIVER_NAME, RECEIVER_PHONE_NUMBER, ZIP_CODE) VALUES ('b639e7ab-949d-4a60-85aa-6ddeb22aeafc', '경기도 어딘가', '101동 101호', 'email', 'receiver', '01012341234', '12345');
INSERT INTO PUBLIC.ORDER_DESTINATION (ID, ADDRESS1, ADDRESS2, RECEIVER_EMAIL, RECEIVER_NAME, RECEIVER_PHONE_NUMBER, ZIP_CODE) VALUES ('e6bd6c62-a4d7-4ae0-8bb0-88557c7e7e58', '경기도 어딘가', '101동 101호', 'email', 'receiver', '01012341234', '12345');
INSERT INTO PUBLIC.ORDER_DESTINATION (ID, ADDRESS1, ADDRESS2, RECEIVER_EMAIL, RECEIVER_NAME, RECEIVER_PHONE_NUMBER, ZIP_CODE) VALUES ('c5568ecc-191a-40ee-9c11-ee47e78ba823', '경기도 어딘가', '101동 101호', 'email', 'receiver', '01012341234', '12345');
INSERT INTO PUBLIC.ORDER_DESTINATION (ID, ADDRESS1, ADDRESS2, RECEIVER_EMAIL, RECEIVER_NAME, RECEIVER_PHONE_NUMBER, ZIP_CODE) VALUES ('88b6fab2-8604-4950-b5c4-f0e2834c64f9', '경기도 어딘가', '101동 101호', 'email', 'receiver', '01012341234', '12345');
INSERT INTO PUBLIC.ORDER_DESTINATION (ID, ADDRESS1, ADDRESS2, RECEIVER_EMAIL, RECEIVER_NAME, RECEIVER_PHONE_NUMBER, ZIP_CODE) VALUES ('f196083e-e06d-424a-9e22-08d87a0ad5d5', '경기도 어딘가', '101동 101호', 'email', 'receiver', '01012341234', '12345');
INSERT INTO PUBLIC.ORDER_DESTINATION (ID, ADDRESS1, ADDRESS2, RECEIVER_EMAIL, RECEIVER_NAME, RECEIVER_PHONE_NUMBER, ZIP_CODE) VALUES ('23da841c-d7cf-4e1e-8c9e-13bc293ddd82', '경기도 어딘가', '101동 101호', 'email', 'receiver', '01012341234', '12345');
INSERT INTO PUBLIC.ORDER_DESTINATION (ID, ADDRESS1, ADDRESS2, RECEIVER_EMAIL, RECEIVER_NAME, RECEIVER_PHONE_NUMBER, ZIP_CODE) VALUES ('7272f97c-6c10-4144-b9b6-2bc3578db5c7', '경기도 어딘가', '101동 101호', 'email', 'receiver', '01012341234', '12345');
INSERT INTO PUBLIC.ORDER_DESTINATION (ID, ADDRESS1, ADDRESS2, RECEIVER_EMAIL, RECEIVER_NAME, RECEIVER_PHONE_NUMBER, ZIP_CODE) VALUES ('8cf4057d-e5f6-4256-8c34-783c75359c95', '경기도 어딘가', '101동 101호', 'email', 'receiver', '01012341234', '12345');
INSERT INTO PUBLIC.ORDER_DESTINATION (ID, ADDRESS1, ADDRESS2, RECEIVER_EMAIL, RECEIVER_NAME, RECEIVER_PHONE_NUMBER, ZIP_CODE) VALUES ('cf141dec-1e22-4a3f-9e45-67ad96fb0b3e', '경기도 어딘가', '101동 101호', 'email', 'receiver', '01012341234', '12345');
INSERT INTO PUBLIC.ORDER_DESTINATION (ID, ADDRESS1, ADDRESS2, RECEIVER_EMAIL, RECEIVER_NAME, RECEIVER_PHONE_NUMBER, ZIP_CODE) VALUES ('1cbf9edb-5e7a-45e3-b379-18816b7791d6', '경기도 어딘가', '101동 101호', 'email', 'receiver', '01012341234', '12345');
INSERT INTO PUBLIC.ORDER_DESTINATION (ID, ADDRESS1, ADDRESS2, RECEIVER_EMAIL, RECEIVER_NAME, RECEIVER_PHONE_NUMBER, ZIP_CODE) VALUES ('ba60081e-7a99-4de1-a883-89c0530914e4', '경기도 어딘가', '101동 101호', 'email', 'receiver', '01012341234', '12345');
INSERT INTO PUBLIC.ORDER_DESTINATION (ID, ADDRESS1, ADDRESS2, RECEIVER_EMAIL, RECEIVER_NAME, RECEIVER_PHONE_NUMBER, ZIP_CODE) VALUES ('b2eb6ab6-3a2c-4bc0-9571-82f741619a5b', '경기도 어딘가', '101동 101호', 'email', 'receiver', '01012341234', '12345');
INSERT INTO PUBLIC.ORDER_DESTINATION (ID, ADDRESS1, ADDRESS2, RECEIVER_EMAIL, RECEIVER_NAME, RECEIVER_PHONE_NUMBER, ZIP_CODE) VALUES ('61afab80-a915-4351-8a83-2aa3f5842da6', '경기도 어딘가', '101동 101호', 'email', 'receiver', '01012341234', '12345');
INSERT INTO PUBLIC.ORDER_DESTINATION (ID, ADDRESS1, ADDRESS2, RECEIVER_EMAIL, RECEIVER_NAME, RECEIVER_PHONE_NUMBER, ZIP_CODE) VALUES ('6327a8cf-de6c-45bd-a908-5405100f13df', '경기도 어딘가', '101동 101호', 'email', 'receiver', '01012341234', '12345');
INSERT INTO PUBLIC.ORDER_DESTINATION (ID, ADDRESS1, ADDRESS2, RECEIVER_EMAIL, RECEIVER_NAME, RECEIVER_PHONE_NUMBER, ZIP_CODE) VALUES ('c470a815-2676-4780-84d9-f0f4c46319ca', '경기도 어딘가', '101동 101호', 'email', 'receiver', '01012341234', '12345');
INSERT INTO PUBLIC.ORDER_DESTINATION (ID, ADDRESS1, ADDRESS2, RECEIVER_EMAIL, RECEIVER_NAME, RECEIVER_PHONE_NUMBER, ZIP_CODE) VALUES ('0e3ae970-3cde-41ad-a096-1937bbaec246', '경기도 어딘가', '101동 101호', 'email', 'receiver', '01012341234', '12345');
INSERT INTO PUBLIC.ORDER_DESTINATION (ID, ADDRESS1, ADDRESS2, RECEIVER_EMAIL, RECEIVER_NAME, RECEIVER_PHONE_NUMBER, ZIP_CODE) VALUES ('26b81c76-5253-4953-b1c5-fca770acc3c8', '경기도 어딘가', '101동 101호', 'email', 'receiver', '01012341234', '12345');
INSERT INTO PUBLIC.ORDER_DESTINATION (ID, ADDRESS1, ADDRESS2, RECEIVER_EMAIL, RECEIVER_NAME, RECEIVER_PHONE_NUMBER, ZIP_CODE) VALUES ('a6bfc3b4-40f5-45b0-afe6-d08648b532ac', '경기도 어딘가', '101동 101호', 'email', 'receiver', '01012341234', '12345');
INSERT INTO PUBLIC.ORDER_DESTINATION (ID, ADDRESS1, ADDRESS2, RECEIVER_EMAIL, RECEIVER_NAME, RECEIVER_PHONE_NUMBER, ZIP_CODE) VALUES ('2f3dbfe8-2ba6-4a4e-aef5-3f1365c843a2', '경기도 어딘가', '101동 101호', 'email', 'receiver', '01012341234', '12345');

-- ORDERS
INSERT INTO PUBLIC.ORDERS (ID, AMOUNT, AUTH_ID, DELIVERY_PRICE, ORDER_NUM, ORDER_STATUS, ORDERED_AT, TOTAL_QUANTITY, ORDER_DESTINATION_ID) VALUES ('f5e6c755-9c74-48f7-a202-b078dca79170', 500, 'TESTER-001', 100, '231123072026831', 'ORDERED', '2023-11-23 07:20:26.831734', 1, '23345303-57a4-4e33-be95-c079c6f87fe7');
INSERT INTO PUBLIC.ORDERS (ID, AMOUNT, AUTH_ID, DELIVERY_PRICE, ORDER_NUM, ORDER_STATUS, ORDERED_AT, TOTAL_QUANTITY, ORDER_DESTINATION_ID) VALUES ('92709d85-a998-4121-ba57-a35228daff70', 500, 'TESTER-001', 100, '231123072026874', 'ORDERED', '2023-11-23 07:20:26.874554', 1, '9ebb1651-496c-49e3-98ad-ee4265366d32');
INSERT INTO PUBLIC.ORDERS (ID, AMOUNT, AUTH_ID, DELIVERY_PRICE, ORDER_NUM, ORDER_STATUS, ORDERED_AT, TOTAL_QUANTITY, ORDER_DESTINATION_ID) VALUES ('GORDER-000', 500, 'GUEST-000', 100, '231123072026895', 'ORDERED', '2023-11-23 07:20:26.895875', 1, 'a0cd92d8-c273-443b-bfd1-8e4b11625e1d');
INSERT INTO PUBLIC.ORDERS (ID, AMOUNT, AUTH_ID, DELIVERY_PRICE, ORDER_NUM, ORDER_STATUS, ORDERED_AT, TOTAL_QUANTITY, ORDER_DESTINATION_ID) VALUES ('GORDER-001', 500, 'GUEST-001', 100, '231123072026909', 'ORDERED', '2023-11-23 07:20:26.909482', 1, 'faef124d-38ab-4004-b4d7-6752b4539216');
INSERT INTO PUBLIC.ORDERS (ID, AMOUNT, AUTH_ID, DELIVERY_PRICE, ORDER_NUM, ORDER_STATUS, ORDERED_AT, TOTAL_QUANTITY, ORDER_DESTINATION_ID) VALUES ('GORDER-002', 500, 'GUEST-002', 100, '231123072026921', 'ORDERED', '2023-11-23 07:20:26.921006', 1, '3481bf52-81f8-46aa-a475-4b522f6e52fe');
INSERT INTO PUBLIC.ORDERS (ID, AMOUNT, AUTH_ID, DELIVERY_PRICE, ORDER_NUM, ORDER_STATUS, ORDERED_AT, TOTAL_QUANTITY, ORDER_DESTINATION_ID) VALUES ('GORDER-003', 500, 'GUEST-003', 100, '231123072026932', 'ORDERED', '2023-11-23 07:20:26.932526', 1, '15149d69-929a-4e17-a627-856834a845c5');
INSERT INTO PUBLIC.ORDERS (ID, AMOUNT, AUTH_ID, DELIVERY_PRICE, ORDER_NUM, ORDER_STATUS, ORDERED_AT, TOTAL_QUANTITY, ORDER_DESTINATION_ID) VALUES ('GORDER-004', 500, 'GUEST-004', 100, '231123072026943', 'ORDERED', '2023-11-23 07:20:26.943289', 1, 'bc770abd-432c-4b23-b539-5bfbaca2a4c9');
INSERT INTO PUBLIC.ORDERS (ID, AMOUNT, AUTH_ID, DELIVERY_PRICE, ORDER_NUM, ORDER_STATUS, ORDERED_AT, TOTAL_QUANTITY, ORDER_DESTINATION_ID) VALUES ('GORDER-005', 500, 'GUEST-005', 100, '231123072026953', 'ORDERED', '2023-11-23 07:20:26.953308', 1, 'b2c87fb1-c5a5-4345-8eff-bdf3cdae853a');
INSERT INTO PUBLIC.ORDERS (ID, AMOUNT, AUTH_ID, DELIVERY_PRICE, ORDER_NUM, ORDER_STATUS, ORDERED_AT, TOTAL_QUANTITY, ORDER_DESTINATION_ID) VALUES ('GORDER-006', 500, 'GUEST-006', 100, '231123072026961', 'ORDERED', '2023-11-23 07:20:26.961308', 1, '9737ef19-bf56-44d7-bdee-b4fb65106b8b');
INSERT INTO PUBLIC.ORDERS (ID, AMOUNT, AUTH_ID, DELIVERY_PRICE, ORDER_NUM, ORDER_STATUS, ORDERED_AT, TOTAL_QUANTITY, ORDER_DESTINATION_ID) VALUES ('GORDER-007', 500, 'GUEST-007', 100, '231123072026970', 'ORDERED', '2023-11-23 07:20:26.970375', 1, 'ea133e29-e5e6-4cd9-a42e-6f1c04a8711d');
INSERT INTO PUBLIC.ORDERS (ID, AMOUNT, AUTH_ID, DELIVERY_PRICE, ORDER_NUM, ORDER_STATUS, ORDERED_AT, TOTAL_QUANTITY, ORDER_DESTINATION_ID) VALUES ('GORDER-008', 500, 'GUEST-008', 100, '231123072026979', 'ORDERED', '2023-11-23 07:20:26.979988', 1, 'e370e23a-f98f-46c0-ac3e-55ea3db6f222');
INSERT INTO PUBLIC.ORDERS (ID, AMOUNT, AUTH_ID, DELIVERY_PRICE, ORDER_NUM, ORDER_STATUS, ORDERED_AT, TOTAL_QUANTITY, ORDER_DESTINATION_ID) VALUES ('GORDER-009', 500, 'GUEST-009', 100, '231123072026989', 'ORDERED', '2023-11-23 07:20:26.989529', 1, '3db95c7c-3202-4e0c-8aaa-8acb4e192ce2');
INSERT INTO PUBLIC.ORDERS (ID, AMOUNT, AUTH_ID, DELIVERY_PRICE, ORDER_NUM, ORDER_STATUS, ORDERED_AT, TOTAL_QUANTITY, ORDER_DESTINATION_ID) VALUES ('GORDER-0011', 500, 'GUEST-0011', 100, '231123072027000', 'WAITING_DEPOSIT', '2023-11-23 07:20:27.000805', 1, 'b639e7ab-949d-4a60-85aa-6ddeb22aeafc');
INSERT INTO PUBLIC.ORDERS (ID, AMOUNT, AUTH_ID, DELIVERY_PRICE, ORDER_NUM, ORDER_STATUS, ORDERED_AT, TOTAL_QUANTITY, ORDER_DESTINATION_ID) VALUES ('GORDER-0012', 500, 'GUEST-0012', 100, '231123072027011', 'WAITING_DEPOSIT', '2023-11-23 07:20:27.011128', 1, 'e6bd6c62-a4d7-4ae0-8bb0-88557c7e7e58');
INSERT INTO PUBLIC.ORDERS (ID, AMOUNT, AUTH_ID, DELIVERY_PRICE, ORDER_NUM, ORDER_STATUS, ORDERED_AT, TOTAL_QUANTITY, ORDER_DESTINATION_ID) VALUES ('GORDER-0013', 500, 'GUEST-0013', 100, '231123072027021', 'WAITING_DEPOSIT', '2023-11-23 07:20:27.021282', 1, 'c5568ecc-191a-40ee-9c11-ee47e78ba823');
INSERT INTO PUBLIC.ORDERS (ID, AMOUNT, AUTH_ID, DELIVERY_PRICE, ORDER_NUM, ORDER_STATUS, ORDERED_AT, TOTAL_QUANTITY, ORDER_DESTINATION_ID) VALUES ('GORDER-0014', 500, 'GUEST-0014', 100, '231123072027029', 'WAITING_DEPOSIT', '2023-11-23 07:20:27.029960', 1, '88b6fab2-8604-4950-b5c4-f0e2834c64f9');
INSERT INTO PUBLIC.ORDERS (ID, AMOUNT, AUTH_ID, DELIVERY_PRICE, ORDER_NUM, ORDER_STATUS, ORDERED_AT, TOTAL_QUANTITY, ORDER_DESTINATION_ID) VALUES ('CORDER-000', 500, 'CANCELER-000', 100, '231123072027037', 'CANCELED', '2023-11-23 07:20:27.037493', 1, 'f196083e-e06d-424a-9e22-08d87a0ad5d5');
INSERT INTO PUBLIC.ORDERS (ID, AMOUNT, AUTH_ID, DELIVERY_PRICE, ORDER_NUM, ORDER_STATUS, ORDERED_AT, TOTAL_QUANTITY, ORDER_DESTINATION_ID) VALUES ('CORDER-001', 500, 'CANCELER-001', 100, '231123072027051', 'CANCELED', '2023-11-23 07:20:27.051313', 1, '23da841c-d7cf-4e1e-8c9e-13bc293ddd82');
INSERT INTO PUBLIC.ORDERS (ID, AMOUNT, AUTH_ID, DELIVERY_PRICE, ORDER_NUM, ORDER_STATUS, ORDERED_AT, TOTAL_QUANTITY, ORDER_DESTINATION_ID) VALUES ('CORDER-002', 500, 'CANCELER-002', 100, '231123072027059', 'CANCELED', '2023-11-23 07:20:27.059834', 1, '7272f97c-6c10-4144-b9b6-2bc3578db5c7');
INSERT INTO PUBLIC.ORDERS (ID, AMOUNT, AUTH_ID, DELIVERY_PRICE, ORDER_NUM, ORDER_STATUS, ORDERED_AT, TOTAL_QUANTITY, ORDER_DESTINATION_ID) VALUES ('CORDER-003', 500, 'CANCELER-003', 100, '231123072027069', 'CANCELED', '2023-11-23 07:20:27.069354', 1, '8cf4057d-e5f6-4256-8c34-783c75359c95');
INSERT INTO PUBLIC.ORDERS (ID, AMOUNT, AUTH_ID, DELIVERY_PRICE, ORDER_NUM, ORDER_STATUS, ORDERED_AT, TOTAL_QUANTITY, ORDER_DESTINATION_ID) VALUES ('CORDER-004', 500, 'CANCELER-004', 100, '231123072027077', 'CANCELED', '2023-11-23 07:20:27.077921', 1, 'cf141dec-1e22-4a3f-9e45-67ad96fb0b3e');
INSERT INTO PUBLIC.ORDERS (ID, AMOUNT, AUTH_ID, DELIVERY_PRICE, ORDER_NUM, ORDER_STATUS, ORDERED_AT, TOTAL_QUANTITY, ORDER_DESTINATION_ID) VALUES ('CORDER-005', 500, 'CANCELER-005', 100, '231123072027090', 'CANCELED', '2023-11-23 07:20:27.090617', 1, '1cbf9edb-5e7a-45e3-b379-18816b7791d6');
INSERT INTO PUBLIC.ORDERS (ID, AMOUNT, AUTH_ID, DELIVERY_PRICE, ORDER_NUM, ORDER_STATUS, ORDERED_AT, TOTAL_QUANTITY, ORDER_DESTINATION_ID) VALUES ('CORDER-006', 500, 'CANCELER-006', 100, '231123072027104', 'CANCELED', '2023-11-23 07:20:27.104669', 1, 'ba60081e-7a99-4de1-a883-89c0530914e4');
INSERT INTO PUBLIC.ORDERS (ID, AMOUNT, AUTH_ID, DELIVERY_PRICE, ORDER_NUM, ORDER_STATUS, ORDERED_AT, TOTAL_QUANTITY, ORDER_DESTINATION_ID) VALUES ('CORDER-007', 500, 'CANCELER-007', 100, '231123072027115', 'CANCELED', '2023-11-23 07:20:27.115170', 1, 'b2eb6ab6-3a2c-4bc0-9571-82f741619a5b');
INSERT INTO PUBLIC.ORDERS (ID, AMOUNT, AUTH_ID, DELIVERY_PRICE, ORDER_NUM, ORDER_STATUS, ORDERED_AT, TOTAL_QUANTITY, ORDER_DESTINATION_ID) VALUES ('CORDER-008', 500, 'CANCELER-008', 100, '231123072027122', 'CANCELED', '2023-11-23 07:20:27.122733', 1, '61afab80-a915-4351-8a83-2aa3f5842da6');
INSERT INTO PUBLIC.ORDERS (ID, AMOUNT, AUTH_ID, DELIVERY_PRICE, ORDER_NUM, ORDER_STATUS, ORDERED_AT, TOTAL_QUANTITY, ORDER_DESTINATION_ID) VALUES ('CORDER-009', 500, 'CANCELER-009', 100, '231123072027139', 'CANCELED', '2023-11-23 07:20:27.139147', 1, '6327a8cf-de6c-45bd-a908-5405100f13df');
INSERT INTO PUBLIC.ORDERS (ID, AMOUNT, AUTH_ID, DELIVERY_PRICE, ORDER_NUM, ORDER_STATUS, ORDERED_AT, TOTAL_QUANTITY, ORDER_DESTINATION_ID) VALUES ('CORDER-0010', 500, 'CANCELER-0010', 100, '231123072027147', 'CANCEL_REQUESTED', '2023-11-23 07:20:27.147991', 1, 'c470a815-2676-4780-84d9-f0f4c46319ca');
INSERT INTO PUBLIC.ORDERS (ID, AMOUNT, AUTH_ID, DELIVERY_PRICE, ORDER_NUM, ORDER_STATUS, ORDERED_AT, TOTAL_QUANTITY, ORDER_DESTINATION_ID) VALUES ('CORDER-0011', 500, 'CANCELER-0011', 100, '231123072027154', 'CANCEL_REQUESTED', '2023-11-23 07:20:27.154514', 1, '0e3ae970-3cde-41ad-a096-1937bbaec246');
INSERT INTO PUBLIC.ORDERS (ID, AMOUNT, AUTH_ID, DELIVERY_PRICE, ORDER_NUM, ORDER_STATUS, ORDERED_AT, TOTAL_QUANTITY, ORDER_DESTINATION_ID) VALUES ('CORDER-0012', 500, 'CANCELER-0012', 100, '231123072027161', 'CANCEL_REQUESTED', '2023-11-23 07:20:27.161525', 1, '26b81c76-5253-4953-b1c5-fca770acc3c8');
INSERT INTO PUBLIC.ORDERS (ID, AMOUNT, AUTH_ID, DELIVERY_PRICE, ORDER_NUM, ORDER_STATUS, ORDERED_AT, TOTAL_QUANTITY, ORDER_DESTINATION_ID) VALUES ('CORDER-0013', 500, 'CANCELER-0013', 100, '231123072027171', 'CANCEL_REQUESTED', '2023-11-23 07:20:27.171576', 1, 'a6bfc3b4-40f5-45b0-afe6-d08648b532ac');
INSERT INTO PUBLIC.ORDERS (ID, AMOUNT, AUTH_ID, DELIVERY_PRICE, ORDER_NUM, ORDER_STATUS, ORDERED_AT, TOTAL_QUANTITY, ORDER_DESTINATION_ID) VALUES ('CORDER-0014', 500, 'CANCELER-0014', 100, '231123072027184', 'CANCEL_REQUESTED', '2023-11-23 07:20:27.184700', 1, '2f3dbfe8-2ba6-4a4e-aef5-3f1365c843a2');

-- PAYMENT
INSERT INTO PUBLIC.PAYMENT (DTYPE, ID, INFO, REQ_AT, STATUS, TYPE, ORDER_ID) VALUES ('CARD', '9fb546f6-00ad-4a04-8397-03eee0efeb90', '{"impUid":"IMP_TEST","pgProvider":"html5_inicis","pgTid":"PG_TID_TEST","paidAt":"2023-05-05T08:00:00","cardName":"현대카드","cardNumber":"1234123412341234","cardQuota":0}', '2023-11-23 07:20:26.898957', 'PAID', 'CARD', 'GORDER-000');
INSERT INTO PUBLIC.PAYMENT (DTYPE, ID, INFO, REQ_AT, STATUS, TYPE, ORDER_ID) VALUES ('CARD', 'c8969f0a-d55e-4df0-976d-ee643784236c', '{"impUid":"IMP_TEST","pgProvider":"html5_inicis","pgTid":"PG_TID_TEST","paidAt":"2023-05-05T08:00:00","cardName":"현대카드","cardNumber":"1234123412341234","cardQuota":0}', '2023-11-23 07:20:26.912996', 'PAID', 'CARD', 'GORDER-001');
INSERT INTO PUBLIC.PAYMENT (DTYPE, ID, INFO, REQ_AT, STATUS, TYPE, ORDER_ID) VALUES ('CARD', 'e92c72b2-94cc-441a-9cb1-b8772a975574', '{"impUid":"IMP_TEST","pgProvider":"html5_inicis","pgTid":"PG_TID_TEST","paidAt":"2023-05-05T08:00:00","cardName":"현대카드","cardNumber":"1234123412341234","cardQuota":0}', '2023-11-23 07:20:26.923529', 'PAID', 'CARD', 'GORDER-002');
INSERT INTO PUBLIC.PAYMENT (DTYPE, ID, INFO, REQ_AT, STATUS, TYPE, ORDER_ID) VALUES ('CARD', 'dd5f5daf-5090-429d-8c29-a1290c5ecda6', '{"impUid":"IMP_TEST","pgProvider":"html5_inicis","pgTid":"PG_TID_TEST","paidAt":"2023-05-05T08:00:00","cardName":"현대카드","cardNumber":"1234123412341234","cardQuota":0}', '2023-11-23 07:20:26.935771', 'PAID', 'CARD', 'GORDER-003');
INSERT INTO PUBLIC.PAYMENT (DTYPE, ID, INFO, REQ_AT, STATUS, TYPE, ORDER_ID) VALUES ('CARD', 'e87bc0bf-d5f3-4d82-a048-c101879b45bb', '{"impUid":"IMP_TEST","pgProvider":"html5_inicis","pgTid":"PG_TID_TEST","paidAt":"2023-05-05T08:00:00","cardName":"현대카드","cardNumber":"1234123412341234","cardQuota":0}', '2023-11-23 07:20:26.945296', 'PAID', 'CARD', 'GORDER-004');
INSERT INTO PUBLIC.PAYMENT (DTYPE, ID, INFO, REQ_AT, STATUS, TYPE, ORDER_ID) VALUES ('CARD', 'ebad21f8-69ce-49fa-ba94-cafbbbeae172', '{"impUid":"IMP_TEST","pgProvider":"html5_inicis","pgTid":"PG_TID_TEST","paidAt":"2023-05-05T08:00:00","cardName":"현대카드","cardNumber":"1234123412341234","cardQuota":0}', '2023-11-23 07:20:26.955307', 'PAID', 'CARD', 'GORDER-005');
INSERT INTO PUBLIC.PAYMENT (DTYPE, ID, INFO, REQ_AT, STATUS, TYPE, ORDER_ID) VALUES ('CARD', '38f4f6a1-b9b5-4ed1-abce-a622050cf4f0', '{"impUid":"IMP_TEST","pgProvider":"html5_inicis","pgTid":"PG_TID_TEST","paidAt":"2023-05-05T08:00:00","cardName":"현대카드","cardNumber":"1234123412341234","cardQuota":0}', '2023-11-23 07:20:26.963365', 'PAID', 'CARD', 'GORDER-006');
INSERT INTO PUBLIC.PAYMENT (DTYPE, ID, INFO, REQ_AT, STATUS, TYPE, ORDER_ID) VALUES ('CARD', 'aef94600-5872-44ba-a1e0-da81835ed474', '{"impUid":"IMP_TEST","pgProvider":"html5_inicis","pgTid":"PG_TID_TEST","paidAt":"2023-05-05T08:00:00","cardName":"현대카드","cardNumber":"1234123412341234","cardQuota":0}', '2023-11-23 07:20:26.972978', 'PAID', 'CARD', 'GORDER-007');
INSERT INTO PUBLIC.PAYMENT (DTYPE, ID, INFO, REQ_AT, STATUS, TYPE, ORDER_ID) VALUES ('CARD', 'b1128169-2b64-4dcd-92e5-099df8464eaa', '{"impUid":"IMP_TEST","pgProvider":"html5_inicis","pgTid":"PG_TID_TEST","paidAt":"2023-05-05T08:00:00","cardName":"현대카드","cardNumber":"1234123412341234","cardQuota":0}', '2023-11-23 07:20:26.980990', 'PAID', 'CARD', 'GORDER-008');
INSERT INTO PUBLIC.PAYMENT (DTYPE, ID, INFO, REQ_AT, STATUS, TYPE, ORDER_ID) VALUES ('CARD', '66efe502-64ed-488d-8e05-a4acb3f12b21', '{"impUid":"IMP_TEST","pgProvider":"html5_inicis","pgTid":"PG_TID_TEST","paidAt":"2023-05-05T08:00:00","cardName":"현대카드","cardNumber":"1234123412341234","cardQuota":0}', '2023-11-23 07:20:26.991529', 'PAID', 'CARD', 'GORDER-009');
INSERT INTO PUBLIC.PAYMENT (DTYPE, ID, INFO, REQ_AT, STATUS, TYPE, ORDER_ID) VALUES ('VBANK', '54fa4097-81c2-4355-87b0-adfebcc3f86a', '{"vbankInfo":"하나은행","depositorBank":"하나하나은행","depositorName":"박찬길","depositorAccount":"123-3123123","isApplyCashReceipt":false,"paidAt":"2023-11-23T07:20:27.0029106","refundBank":"","refundHolder":"","refundAccount":"","refundPhoneNum":""}', '2023-11-23 07:20:27.002911', 'PAID', 'VBANK', 'GORDER-0011');
INSERT INTO PUBLIC.PAYMENT (DTYPE, ID, INFO, REQ_AT, STATUS, TYPE, ORDER_ID) VALUES ('VBANK', '38ac1b50-0c29-4ff9-8b0a-72e6a26101fe', '{"vbankInfo":"하나은행","depositorBank":"하나하나은행","depositorName":"박찬길","depositorAccount":"123-3123123","isApplyCashReceipt":false,"paidAt":"2023-11-23T07:20:27.0152747","refundBank":"","refundHolder":"","refundAccount":"","refundPhoneNum":""}', '2023-11-23 07:20:27.015275', 'PAID', 'VBANK', 'GORDER-0012');
INSERT INTO PUBLIC.PAYMENT (DTYPE, ID, INFO, REQ_AT, STATUS, TYPE, ORDER_ID) VALUES ('VBANK', '498e5637-384b-48f4-bfe4-b445b4290126', '{"vbankInfo":"하나은행","depositorBank":"하나하나은행","depositorName":"박찬길","depositorAccount":"123-3123123","isApplyCashReceipt":false,"paidAt":"2023-11-23T07:20:27.0228104","refundBank":"","refundHolder":"","refundAccount":"","refundPhoneNum":""}', '2023-11-23 07:20:27.022810', 'PAID', 'VBANK', 'GORDER-0013');
INSERT INTO PUBLIC.PAYMENT (DTYPE, ID, INFO, REQ_AT, STATUS, TYPE, ORDER_ID) VALUES ('VBANK', 'e59eb0bc-103d-410f-b7aa-ab21287c7ed6', '{"vbankInfo":"하나은행","depositorBank":"하나하나은행","depositorName":"박찬길","depositorAccount":"123-3123123","isApplyCashReceipt":false,"paidAt":"2023-11-23T07:20:27.0309604","refundBank":"","refundHolder":"","refundAccount":"","refundPhoneNum":""}', '2023-11-23 07:20:27.030960', 'PAID', 'VBANK', 'GORDER-0014');
INSERT INTO PUBLIC.PAYMENT (DTYPE, ID, INFO, REQ_AT, STATUS, TYPE, ORDER_ID) VALUES ('CARD', '7921bcb4-dabf-4807-8cc5-d09cff58fff7', '{"impUid":"IMP_TEST","pgProvider":"html5_inicis","pgTid":"PG_TID_TEST","paidAt":"2023-05-05T08:00:00","cardName":"현대카드","cardNumber":"1234123412341234","cardQuota":0}', '2023-11-23 07:20:27.039493', 'PAID', 'CARD', 'CORDER-000');
INSERT INTO PUBLIC.PAYMENT (DTYPE, ID, INFO, REQ_AT, STATUS, TYPE, ORDER_ID) VALUES ('CARD', '320cfd31-7106-4cc8-9cb3-a1221e8be230', '{"impUid":"IMP_TEST","pgProvider":"html5_inicis","pgTid":"PG_TID_TEST","paidAt":"2023-05-05T08:00:00","cardName":"현대카드","cardNumber":"1234123412341234","cardQuota":0}', '2023-11-23 07:20:27.052821', 'PAID', 'CARD', 'CORDER-001');
INSERT INTO PUBLIC.PAYMENT (DTYPE, ID, INFO, REQ_AT, STATUS, TYPE, ORDER_ID) VALUES ('CARD', 'c9ae370a-e61e-4b93-980a-9eb22d923baf', '{"impUid":"IMP_TEST","pgProvider":"html5_inicis","pgTid":"PG_TID_TEST","paidAt":"2023-05-05T08:00:00","cardName":"현대카드","cardNumber":"1234123412341234","cardQuota":0}', '2023-11-23 07:20:27.063355', 'PAID', 'CARD', 'CORDER-002');
INSERT INTO PUBLIC.PAYMENT (DTYPE, ID, INFO, REQ_AT, STATUS, TYPE, ORDER_ID) VALUES ('CARD', '592c314f-7e6c-4bac-a650-60c08367339d', '{"impUid":"IMP_TEST","pgProvider":"html5_inicis","pgTid":"PG_TID_TEST","paidAt":"2023-05-05T08:00:00","cardName":"현대카드","cardNumber":"1234123412341234","cardQuota":0}', '2023-11-23 07:20:27.071662', 'PAID', 'CARD', 'CORDER-003');
INSERT INTO PUBLIC.PAYMENT (DTYPE, ID, INFO, REQ_AT, STATUS, TYPE, ORDER_ID) VALUES ('CARD', '89275f74-d00d-4f92-b97c-486a9f0182e9', '{"impUid":"IMP_TEST","pgProvider":"html5_inicis","pgTid":"PG_TID_TEST","paidAt":"2023-05-05T08:00:00","cardName":"현대카드","cardNumber":"1234123412341234","cardQuota":0}', '2023-11-23 07:20:27.082592', 'PAID', 'CARD', 'CORDER-004');
INSERT INTO PUBLIC.PAYMENT (DTYPE, ID, INFO, REQ_AT, STATUS, TYPE, ORDER_ID) VALUES ('VBANK', 'b9d55196-88aa-4eea-a7a6-3a1b6e6b0d56', '{"vbankInfo":"하나은행 1234123412341234 리버티","depositorBank":"국민은행","depositorName":"취소자","depositorAccount":"123-3123123","isApplyCashReceipt":false,"paidAt":"2023-11-23T07:20:27.093126","refundBank":"","refundHolder":"","refundAccount":"","refundPhoneNum":""}', '2023-11-23 07:20:27.093126', 'READY', 'VBANK', 'CORDER-005');
INSERT INTO PUBLIC.PAYMENT (DTYPE, ID, INFO, REQ_AT, STATUS, TYPE, ORDER_ID) VALUES ('VBANK', 'b8ba2ead-932f-4815-abb3-2ef1ddfdea91', '{"vbankInfo":"하나은행 1234123412341234 리버티","depositorBank":"국민은행","depositorName":"취소자","depositorAccount":"123-3123123","isApplyCashReceipt":false,"paidAt":"2023-11-23T07:20:27.1076674","refundBank":"","refundHolder":"","refundAccount":"","refundPhoneNum":""}', '2023-11-23 07:20:27.107667', 'READY', 'VBANK', 'CORDER-006');
INSERT INTO PUBLIC.PAYMENT (DTYPE, ID, INFO, REQ_AT, STATUS, TYPE, ORDER_ID) VALUES ('VBANK', 'd10afeda-c20c-44b2-8cd9-bb50ee31f0a7', '{"vbankInfo":"하나은행 1234123412341234 리버티","depositorBank":"국민은행","depositorName":"취소자","depositorAccount":"123-3123123","isApplyCashReceipt":false,"paidAt":"2023-11-23T07:20:27.1171686","refundBank":"","refundHolder":"","refundAccount":"","refundPhoneNum":""}', '2023-11-23 07:20:27.117169', 'READY', 'VBANK', 'CORDER-007');
INSERT INTO PUBLIC.PAYMENT (DTYPE, ID, INFO, REQ_AT, STATUS, TYPE, ORDER_ID) VALUES ('VBANK', '62686ab4-6b73-4a14-b84c-15ca08387310', '{"vbankInfo":"하나은행 1234123412341234 리버티","depositorBank":"국민은행","depositorName":"취소자","depositorAccount":"123-3123123","isApplyCashReceipt":false,"paidAt":"2023-11-23T07:20:27.128698","refundBank":"","refundHolder":"","refundAccount":"","refundPhoneNum":""}', '2023-11-23 07:20:27.128698', 'READY', 'VBANK', 'CORDER-008');
INSERT INTO PUBLIC.PAYMENT (DTYPE, ID, INFO, REQ_AT, STATUS, TYPE, ORDER_ID) VALUES ('VBANK', '1ba5e3ed-20bb-44ae-8a37-9ed2e0f70199', '{"vbankInfo":"하나은행 1234123412341234 리버티","depositorBank":"국민은행","depositorName":"취소자","depositorAccount":"123-3123123","isApplyCashReceipt":false,"paidAt":"2023-11-23T07:20:27.1411472","refundBank":"","refundHolder":"","refundAccount":"","refundPhoneNum":""}', '2023-11-23 07:20:27.141147', 'READY', 'VBANK', 'CORDER-009');
INSERT INTO PUBLIC.PAYMENT (DTYPE, ID, INFO, REQ_AT, STATUS, TYPE, ORDER_ID) VALUES ('VBANK', '5bd2e6f3-6560-4eed-acc7-eb3b7954b8a5', '{"vbankInfo":"하나은행 1234123412341234 리버티","depositorBank":"국민은행","depositorName":"취소자","depositorAccount":"123-3123123","isApplyCashReceipt":false,"paidAt":"2023-11-23T07:20:27.1499888","refundBank":"하나은행","refundHolder":"환불자","refundAccount":"1234-1234-213","refundPhoneNum":"01012341234"}', '2023-11-23 07:20:27.149989', 'PAID', 'VBANK', 'CORDER-0010');
INSERT INTO PUBLIC.PAYMENT (DTYPE, ID, INFO, REQ_AT, STATUS, TYPE, ORDER_ID) VALUES ('VBANK', 'e92e1436-ba1d-41e9-986f-41bef254b969', '{"vbankInfo":"하나은행 1234123412341234 리버티","depositorBank":"국민은행","depositorName":"취소자","depositorAccount":"123-3123123","isApplyCashReceipt":false,"paidAt":"2023-11-23T07:20:27.1565282","refundBank":"하나은행","refundHolder":"환불자","refundAccount":"1234-1234-213","refundPhoneNum":"01012341234"}', '2023-11-23 07:20:27.156528', 'PAID', 'VBANK', 'CORDER-0011');
INSERT INTO PUBLIC.PAYMENT (DTYPE, ID, INFO, REQ_AT, STATUS, TYPE, ORDER_ID) VALUES ('VBANK', '354bcdd9-c86c-41f0-a236-771093f22cd3', '{"vbankInfo":"하나은행 1234123412341234 리버티","depositorBank":"국민은행","depositorName":"취소자","depositorAccount":"123-3123123","isApplyCashReceipt":false,"paidAt":"2023-11-23T07:20:27.1660525","refundBank":"하나은행","refundHolder":"환불자","refundAccount":"1234-1234-213","refundPhoneNum":"01012341234"}', '2023-11-23 07:20:27.166053', 'PAID', 'VBANK', 'CORDER-0012');
INSERT INTO PUBLIC.PAYMENT (DTYPE, ID, INFO, REQ_AT, STATUS, TYPE, ORDER_ID) VALUES ('VBANK', '1c1b021e-a17f-4da4-9ced-e5ffd9fc7902', '{"vbankInfo":"하나은행 1234123412341234 리버티","depositorBank":"국민은행","depositorName":"취소자","depositorAccount":"123-3123123","isApplyCashReceipt":false,"paidAt":"2023-11-23T07:20:27.1740961","refundBank":"하나은행","refundHolder":"환불자","refundAccount":"1234-1234-213","refundPhoneNum":"01012341234"}', '2023-11-23 07:20:27.174096', 'PAID', 'VBANK', 'CORDER-0013');
INSERT INTO PUBLIC.PAYMENT (DTYPE, ID, INFO, REQ_AT, STATUS, TYPE, ORDER_ID) VALUES ('VBANK', '791839f2-5e5f-4265-b109-9357e433aaf9', '{"vbankInfo":"하나은행 1234123412341234 리버티","depositorBank":"국민은행","depositorName":"취소자","depositorAccount":"123-3123123","isApplyCashReceipt":false,"paidAt":"2023-11-23T07:20:27.1887114","refundBank":"하나은행","refundHolder":"환불자","refundAccount":"1234-1234-213","refundPhoneNum":"01012341234"}', '2023-11-23 07:20:27.188711', 'PAID', 'VBANK', 'CORDER-0014');
INSERT INTO PUBLIC.PAYMENT (DTYPE, ID, INFO, REQ_AT, STATUS, TYPE, ORDER_ID) VALUES ('CARD', '5f4c0dc2-2b66-41f9-80de-3cf9cdac8135', '{"impUid":"IMP_TEST","pgProvider":"html5_inicis","pgTid":"PG_TID_TEST","paidAt":"2023-05-05T08:00:00","cardName":"현대카드","cardNumber":"1234123412341234","cardQuota":0}', '2023-11-23 07:20:26.851469', 'PAID', 'CARD', 'f5e6c755-9c74-48f7-a202-b078dca79170');
INSERT INTO PUBLIC.PAYMENT (DTYPE, ID, INFO, REQ_AT, STATUS, TYPE, ORDER_ID) VALUES ('VBANK', '87ab0f62-46af-4a0b-98c3-2f6280725c4f', '{"vbankInfo":"하나은행 1234123412341234 리버티","depositorBank":"하나은행","depositorName":"김테스터","depositorAccount":"138-978554-10547","isApplyCashReceipt":false,"paidAt":"2023-11-23T07:20:26.8903508","refundBank":"","refundHolder":"","refundAccount":"","refundPhoneNum":""}', '2023-11-23 07:20:26.890351', 'READY', 'VBANK', '92709d85-a998-4121-ba57-a35228daff70');

-- PRODUCT
INSERT INTO PUBLIC.PRODUCT (ID, CONTENT, IS_CUSTOM, NAME, PICTURE_URL, PRICE, PRODUCT_STATE) VALUES ('LIB-001', '', true, 'Liberty 52_Frame', null, 100, 'ON_SALE');

-- PRODUCT_DELIVERY_OPTION
INSERT INTO PUBLIC.PRODUCT_DELIVERY_OPTION (ID, COURIER_NAME, CREATED_AT, DELIVERY_FEE, UPDATED_AT, PRODUCT_ID) VALUES ('a6f5e5f7-92d8-4ebb-a907-d6370904ade1', '경진택배', '2023-11-23 07:20:27.226635', 100, '2023-11-23 07:20:27.432277', 'LIB-001');

-- PRODUCT_OPTION
INSERT INTO PUBLIC.PRODUCT_OPTION (ID, NAME, ON_SALE, REQUIRE, PRODUCT_ID) VALUES ('c1169597-d5e8-456e-bf7e-9d61327c74f1', '거치 방식', true, true, 'LIB-001');
INSERT INTO PUBLIC.PRODUCT_OPTION (ID, NAME, ON_SALE, REQUIRE, PRODUCT_ID) VALUES ('542bf69b-1070-41e4-9a69-6d0d2d33eef8', '기본소재', true, true, 'LIB-001');
INSERT INTO PUBLIC.PRODUCT_OPTION (ID, NAME, ON_SALE, REQUIRE, PRODUCT_ID) VALUES ('325582d2-551d-44e6-a0f1-256b7aaee987', '기본소재 옵션', true, true, 'LIB-001');

-- OPTION_DETAIL
INSERT INTO PUBLIC.OPTION_DETAIL (ID, NAME, ON_SALE, PRICE, STOCK, PRODUCT_OPTION_ID) VALUES ('OPT-001', '이젤 거치형', true, 100, 100, 'c1169597-d5e8-456e-bf7e-9d61327c74f1');
INSERT INTO PUBLIC.OPTION_DETAIL (ID, NAME, ON_SALE, PRICE, STOCK, PRODUCT_OPTION_ID) VALUES ('OPT-002', '벽걸이형', true, 100, 100, 'c1169597-d5e8-456e-bf7e-9d61327c74f1');
INSERT INTO PUBLIC.OPTION_DETAIL (ID, NAME, ON_SALE, PRICE, STOCK, PRODUCT_OPTION_ID) VALUES ('OPT-003', '1mm 두께 승화전사 인쇄용 알루미늄시트', true, 100, 100, '542bf69b-1070-41e4-9a69-6d0d2d33eef8');
INSERT INTO PUBLIC.OPTION_DETAIL (ID, NAME, ON_SALE, PRICE, STOCK, PRODUCT_OPTION_ID) VALUES ('OPT-004', '유광실버', true, 100, 100, '325582d2-551d-44e6-a0f1-256b7aaee987');
INSERT INTO PUBLIC.OPTION_DETAIL (ID, NAME, ON_SALE, PRICE, STOCK, PRODUCT_OPTION_ID) VALUES ('OPT-005', '무광실버', true, 100, 100, '325582d2-551d-44e6-a0f1-256b7aaee987');
INSERT INTO PUBLIC.OPTION_DETAIL (ID, NAME, ON_SALE, PRICE, STOCK, PRODUCT_OPTION_ID) VALUES ('OPT-006', '유광백색', true, 100, 100, '325582d2-551d-44e6-a0f1-256b7aaee987');
INSERT INTO PUBLIC.OPTION_DETAIL (ID, NAME, ON_SALE, PRICE, STOCK, PRODUCT_OPTION_ID) VALUES ('OPT-007', '무광백색', true, 100, 100, '325582d2-551d-44e6-a0f1-256b7aaee987');

-- VBANK
INSERT INTO PUBLIC.VBANK (ID, ACCOUNT, BANK, CREATED_AT, HOLDER, UPDATED_AT) VALUES ('8835d894-8e08-4258-8628-51a49aff5a0f', '1234123412341234', 'HANA', '2023-11-23 07:20:27.195243', '리버티', null);
INSERT INTO PUBLIC.VBANK (ID, ACCOUNT, BANK, CREATED_AT, HOLDER, UPDATED_AT) VALUES ('a98ab5bd-ca88-45ad-a599-8c6b2bb0258e', '4321432143214321', 'KB', '2023-11-23 07:20:27.195243', '리버티', null);

-- CANCELED_ORDERS
INSERT INTO PUBLIC.CANCELED_ORDERS (ID, APPROVED_ADMIN_NAME, CANCELED_AT, FEE, REASON, REQ_AT, ORDER_ID) VALUES ('3e3a184c-5bf3-4798-bd0b-1a0a5133475e', 'SYSTEM', '2023-11-23 07:20:27.044010', 0, '취소사유-000', '2023-11-23 07:20:27.044010', 'CORDER-000');
INSERT INTO PUBLIC.CANCELED_ORDERS (ID, APPROVED_ADMIN_NAME, CANCELED_AT, FEE, REASON, REQ_AT, ORDER_ID) VALUES ('7887b244-72e6-44a6-9174-88e047ad1363', 'SYSTEM', '2023-11-23 07:20:27.057831', 0, '취소사유-001', '2023-11-23 07:20:27.057831', 'CORDER-001');
INSERT INTO PUBLIC.CANCELED_ORDERS (ID, APPROVED_ADMIN_NAME, CANCELED_AT, FEE, REASON, REQ_AT, ORDER_ID) VALUES ('fe743048-70f6-437e-9db9-2051acdcf4a1', 'SYSTEM', '2023-11-23 07:20:27.068353', 0, '취소사유-002', '2023-11-23 07:20:27.068353', 'CORDER-002');
INSERT INTO PUBLIC.CANCELED_ORDERS (ID, APPROVED_ADMIN_NAME, CANCELED_AT, FEE, REASON, REQ_AT, ORDER_ID) VALUES ('62503852-3bd1-4db0-99a5-963715b8133c', 'SYSTEM', '2023-11-23 07:20:27.075922', 0, '취소사유-003', '2023-11-23 07:20:27.075922', 'CORDER-003');
INSERT INTO PUBLIC.CANCELED_ORDERS (ID, APPROVED_ADMIN_NAME, CANCELED_AT, FEE, REASON, REQ_AT, ORDER_ID) VALUES ('ce1da254-82de-4043-975b-8a93be4cf777', 'SYSTEM', '2023-11-23 07:20:27.089617', 0, '취소사유-004', '2023-11-23 07:20:27.089617', 'CORDER-004');
INSERT INTO PUBLIC.CANCELED_ORDERS (ID, APPROVED_ADMIN_NAME, CANCELED_AT, FEE, REASON, REQ_AT, ORDER_ID) VALUES ('483554f6-5f0e-4582-9a27-fe4567f900d9', '관리자', '2023-11-23 07:20:27.101147', 0, '취소사유-005', '2023-11-23 07:20:27.101147', 'CORDER-005');
INSERT INTO PUBLIC.CANCELED_ORDERS (ID, APPROVED_ADMIN_NAME, CANCELED_AT, FEE, REASON, REQ_AT, ORDER_ID) VALUES ('790a89c8-9052-4c93-99e1-f2aeedf259fc', '관리자', '2023-11-23 07:20:27.111672', 0, '취소사유-006', '2023-11-23 07:20:27.111672', 'CORDER-006');
INSERT INTO PUBLIC.CANCELED_ORDERS (ID, APPROVED_ADMIN_NAME, CANCELED_AT, FEE, REASON, REQ_AT, ORDER_ID) VALUES ('3bebb088-8efb-49e7-8dd4-fd5f3a46a679', '관리자', '2023-11-23 07:20:27.121169', 0, '취소사유-007', '2023-11-23 07:20:27.121169', 'CORDER-007');
INSERT INTO PUBLIC.CANCELED_ORDERS (ID, APPROVED_ADMIN_NAME, CANCELED_AT, FEE, REASON, REQ_AT, ORDER_ID) VALUES ('6a8da330-4ab1-4383-873b-1a05451e5bf0', '관리자', '2023-11-23 07:20:27.132695', 0, '취소사유-008', '2023-11-23 07:20:27.132695', 'CORDER-008');
INSERT INTO PUBLIC.CANCELED_ORDERS (ID, APPROVED_ADMIN_NAME, CANCELED_AT, FEE, REASON, REQ_AT, ORDER_ID) VALUES ('1148571f-e0e3-4d33-bf6a-8684f9a6feda', '관리자', '2023-11-23 07:20:27.145673', 0, '취소사유-009', '2023-11-23 07:20:27.145673', 'CORDER-009');

-- CUSTOM_LICENSE_OPTION

-- CUSTOM_PRODUCT
INSERT INTO PUBLIC.CUSTOM_PRODUCT (ID, AUTH_ID, MODELING_PICTURE_URL, QUANTITY, THUMBNAIL_PICTURE_URL, USER_CUSTOM_PICTURE_URL, CART_ID, LICENSE_PRODUCT_OPTION_ID, ORDER_ID, PRODUCT_ID) VALUES ('78df7595-cb9e-4a60-8c1d-40ee3c564a19', 'TESTER-001', 'https://liberty52.s3.ap-northeast-2.amazonaws.com/product/static/liberty52-frame.png', 1, 'https://liberty52.s3.ap-northeast-2.amazonaws.com/product/static/liberty52-frame.png', 'https://liberty52.s3.ap-northeast-2.amazonaws.com/product/static/liberty52-frame.png', '1d6f79d9-f36b-4bb4-aa35-f39c84571dc2', null, null, 'LIB-001');
INSERT INTO PUBLIC.CUSTOM_PRODUCT (ID, AUTH_ID, MODELING_PICTURE_URL, QUANTITY, THUMBNAIL_PICTURE_URL, USER_CUSTOM_PICTURE_URL, CART_ID, LICENSE_PRODUCT_OPTION_ID, ORDER_ID, PRODUCT_ID) VALUES ('Custom_Product_Id', 'TESTER-001', 'https://liberty52.s3.ap-northeast-2.amazonaws.com/product/static/liberty52-frame.png', 1, 'https://liberty52.s3.ap-northeast-2.amazonaws.com/product/static/liberty52-frame.png', 'https://liberty52.s3.ap-northeast-2.amazonaws.com/product/static/liberty52-frame.png', null, null, 'f5e6c755-9c74-48f7-a202-b078dca79170', 'LIB-001');
INSERT INTO PUBLIC.CUSTOM_PRODUCT (ID, AUTH_ID, MODELING_PICTURE_URL, QUANTITY, THUMBNAIL_PICTURE_URL, USER_CUSTOM_PICTURE_URL, CART_ID, LICENSE_PRODUCT_OPTION_ID, ORDER_ID, PRODUCT_ID) VALUES ('32cc59ec-53c8-467b-952e-ee12733b4868', 'TESTER-001', 'https://liberty52.s3.ap-northeast-2.amazonaws.com/product/static/liberty52-frame.png', 1, 'https://liberty52.s3.ap-northeast-2.amazonaws.com/product/static/liberty52-frame.png', 'https://liberty52.s3.ap-northeast-2.amazonaws.com/product/static/liberty52-frame.png', null, null, '92709d85-a998-4121-ba57-a35228daff70', 'LIB-001');
INSERT INTO PUBLIC.CUSTOM_PRODUCT (ID, AUTH_ID, MODELING_PICTURE_URL, QUANTITY, THUMBNAIL_PICTURE_URL, USER_CUSTOM_PICTURE_URL, CART_ID, LICENSE_PRODUCT_OPTION_ID, ORDER_ID, PRODUCT_ID) VALUES ('23f71f16-3ccc-4181-b05b-a93e7a2c977e', 'GUEST-000', 'https://liberty52.s3.ap-northeast-2.amazonaws.com/product/static/liberty52-frame.png', 1, 'https://liberty52.s3.ap-northeast-2.amazonaws.com/product/static/liberty52-frame.png', 'https://liberty52.s3.ap-northeast-2.amazonaws.com/product/static/liberty52-frame.png', null, null, 'GORDER-000', 'LIB-001');
INSERT INTO PUBLIC.CUSTOM_PRODUCT (ID, AUTH_ID, MODELING_PICTURE_URL, QUANTITY, THUMBNAIL_PICTURE_URL, USER_CUSTOM_PICTURE_URL, CART_ID, LICENSE_PRODUCT_OPTION_ID, ORDER_ID, PRODUCT_ID) VALUES ('e08ce553-9313-4f0e-a907-8cba2901405f', 'GUEST-001', 'https://liberty52.s3.ap-northeast-2.amazonaws.com/product/static/liberty52-frame.png', 1, 'https://liberty52.s3.ap-northeast-2.amazonaws.com/product/static/liberty52-frame.png', 'https://liberty52.s3.ap-northeast-2.amazonaws.com/product/static/liberty52-frame.png', null, null, 'GORDER-001', 'LIB-001');
INSERT INTO PUBLIC.CUSTOM_PRODUCT (ID, AUTH_ID, MODELING_PICTURE_URL, QUANTITY, THUMBNAIL_PICTURE_URL, USER_CUSTOM_PICTURE_URL, CART_ID, LICENSE_PRODUCT_OPTION_ID, ORDER_ID, PRODUCT_ID) VALUES ('eb39b9d2-5133-445c-a5d8-987d187dfea5', 'GUEST-002', 'https://liberty52.s3.ap-northeast-2.amazonaws.com/product/static/liberty52-frame.png', 1, 'https://liberty52.s3.ap-northeast-2.amazonaws.com/product/static/liberty52-frame.png', 'https://liberty52.s3.ap-northeast-2.amazonaws.com/product/static/liberty52-frame.png', null, null, 'GORDER-002', 'LIB-001');
INSERT INTO PUBLIC.CUSTOM_PRODUCT (ID, AUTH_ID, MODELING_PICTURE_URL, QUANTITY, THUMBNAIL_PICTURE_URL, USER_CUSTOM_PICTURE_URL, CART_ID, LICENSE_PRODUCT_OPTION_ID, ORDER_ID, PRODUCT_ID) VALUES ('322a8c9e-f994-4ecb-9ea8-b5e355fed116', 'GUEST-003', 'https://liberty52.s3.ap-northeast-2.amazonaws.com/product/static/liberty52-frame.png', 1, 'https://liberty52.s3.ap-northeast-2.amazonaws.com/product/static/liberty52-frame.png', 'https://liberty52.s3.ap-northeast-2.amazonaws.com/product/static/liberty52-frame.png', null, null, 'GORDER-003', 'LIB-001');
INSERT INTO PUBLIC.CUSTOM_PRODUCT (ID, AUTH_ID, MODELING_PICTURE_URL, QUANTITY, THUMBNAIL_PICTURE_URL, USER_CUSTOM_PICTURE_URL, CART_ID, LICENSE_PRODUCT_OPTION_ID, ORDER_ID, PRODUCT_ID) VALUES ('b52a534e-4d0e-41df-b9f6-2d51fbd2a878', 'GUEST-004', 'https://liberty52.s3.ap-northeast-2.amazonaws.com/product/static/liberty52-frame.png', 1, 'https://liberty52.s3.ap-northeast-2.amazonaws.com/product/static/liberty52-frame.png', 'https://liberty52.s3.ap-northeast-2.amazonaws.com/product/static/liberty52-frame.png', null, null, 'GORDER-004', 'LIB-001');
INSERT INTO PUBLIC.CUSTOM_PRODUCT (ID, AUTH_ID, MODELING_PICTURE_URL, QUANTITY, THUMBNAIL_PICTURE_URL, USER_CUSTOM_PICTURE_URL, CART_ID, LICENSE_PRODUCT_OPTION_ID, ORDER_ID, PRODUCT_ID) VALUES ('617cf4a5-438f-4625-8178-e1dbb82fc96f', 'GUEST-005', 'https://liberty52.s3.ap-northeast-2.amazonaws.com/product/static/liberty52-frame.png', 1, 'https://liberty52.s3.ap-northeast-2.amazonaws.com/product/static/liberty52-frame.png', 'https://liberty52.s3.ap-northeast-2.amazonaws.com/product/static/liberty52-frame.png', null, null, 'GORDER-005', 'LIB-001');
INSERT INTO PUBLIC.CUSTOM_PRODUCT (ID, AUTH_ID, MODELING_PICTURE_URL, QUANTITY, THUMBNAIL_PICTURE_URL, USER_CUSTOM_PICTURE_URL, CART_ID, LICENSE_PRODUCT_OPTION_ID, ORDER_ID, PRODUCT_ID) VALUES ('51928435-29ef-4c07-84e4-e2a566dc77fd', 'GUEST-006', 'https://liberty52.s3.ap-northeast-2.amazonaws.com/product/static/liberty52-frame.png', 1, 'https://liberty52.s3.ap-northeast-2.amazonaws.com/product/static/liberty52-frame.png', 'https://liberty52.s3.ap-northeast-2.amazonaws.com/product/static/liberty52-frame.png', null, null, 'GORDER-006', 'LIB-001');

-- CUSTOM_PRODUCT_OPTION
INSERT INTO PUBLIC.CUSTOM_PRODUCT_OPTION (ID, DETAIL_NAME, OPTION_NAME, PRICE, CUSTOM_PRODUCT_ID, OPTION_DETAIL_ID) VALUES ('9e41b5ca-fdd2-4bf5-849a-8dadf4421e18', null, null, 0, '78df7595-cb9e-4a60-8c1d-40ee3c564a19', 'OPT-001');
INSERT INTO PUBLIC.CUSTOM_PRODUCT_OPTION (ID, DETAIL_NAME, OPTION_NAME, PRICE, CUSTOM_PRODUCT_ID, OPTION_DETAIL_ID) VALUES ('40156f69-92e6-4d75-8988-91a373dd681b', null, null, 0, '78df7595-cb9e-4a60-8c1d-40ee3c564a19', 'OPT-003');
INSERT INTO PUBLIC.CUSTOM_PRODUCT_OPTION (ID, DETAIL_NAME, OPTION_NAME, PRICE, CUSTOM_PRODUCT_ID, OPTION_DETAIL_ID) VALUES ('edb12ec9-1b30-4676-b7c9-59fbaabb2345', null, null, 0, '78df7595-cb9e-4a60-8c1d-40ee3c564a19', 'OPT-005');
INSERT INTO PUBLIC.CUSTOM_PRODUCT_OPTION (ID, DETAIL_NAME, OPTION_NAME, PRICE, CUSTOM_PRODUCT_ID, OPTION_DETAIL_ID) VALUES ('29f6fc9b-863e-40c2-9522-eb5a1d1ce929', null, null, 0, 'Custom_Product_Id', 'OPT-001');
INSERT INTO PUBLIC.CUSTOM_PRODUCT_OPTION (ID, DETAIL_NAME, OPTION_NAME, PRICE, CUSTOM_PRODUCT_ID, OPTION_DETAIL_ID) VALUES ('f819071f-83fd-48fb-9a96-7acf56683af3', null, null, 0, 'Custom_Product_Id', 'OPT-003');
INSERT INTO PUBLIC.CUSTOM_PRODUCT_OPTION (ID, DETAIL_NAME, OPTION_NAME, PRICE, CUSTOM_PRODUCT_ID, OPTION_DETAIL_ID) VALUES ('e35caa9b-6790-4640-802d-2b08b088f809', null, null, 0, 'Custom_Product_Id', 'OPT-005');
INSERT INTO PUBLIC.CUSTOM_PRODUCT_OPTION (ID, DETAIL_NAME, OPTION_NAME, PRICE, CUSTOM_PRODUCT_ID, OPTION_DETAIL_ID) VALUES ('1a8c4356-0782-441a-9740-75e053ef406b', null, null, 0, '32cc59ec-53c8-467b-952e-ee12733b4868', 'OPT-001');
INSERT INTO PUBLIC.CUSTOM_PRODUCT_OPTION (ID, DETAIL_NAME, OPTION_NAME, PRICE, CUSTOM_PRODUCT_ID, OPTION_DETAIL_ID) VALUES ('bc09b619-3e04-4cf2-a167-845b0ab5c057', null, null, 0, '32cc59ec-53c8-467b-952e-ee12733b4868', 'OPT-003');
INSERT INTO PUBLIC.CUSTOM_PRODUCT_OPTION (ID, DETAIL_NAME, OPTION_NAME, PRICE, CUSTOM_PRODUCT_ID, OPTION_DETAIL_ID) VALUES ('15c99074-c75b-4030-88a7-e4fd16baa8c3', null, null, 0, '32cc59ec-53c8-467b-952e-ee12733b4868', 'OPT-005');
INSERT INTO PUBLIC.CUSTOM_PRODUCT_OPTION (ID, DETAIL_NAME, OPTION_NAME, PRICE, CUSTOM_PRODUCT_ID, OPTION_DETAIL_ID) VALUES ('7e836dc3-d442-4a88-adcb-e90d1377bb24', null, null, 0, '23f71f16-3ccc-4181-b05b-a93e7a2c977e', 'OPT-001');
INSERT INTO PUBLIC.CUSTOM_PRODUCT_OPTION (ID, DETAIL_NAME, OPTION_NAME, PRICE, CUSTOM_PRODUCT_ID, OPTION_DETAIL_ID) VALUES ('b01e6c04-fbe4-44d7-8e17-83cd1db0af3e', null, null, 0, '23f71f16-3ccc-4181-b05b-a93e7a2c977e', 'OPT-003');
INSERT INTO PUBLIC.CUSTOM_PRODUCT_OPTION (ID, DETAIL_NAME, OPTION_NAME, PRICE, CUSTOM_PRODUCT_ID, OPTION_DETAIL_ID) VALUES ('39fcec1f-d59c-45ec-b88e-d61d6778670b', null, null, 0, '23f71f16-3ccc-4181-b05b-a93e7a2c977e', 'OPT-005');
INSERT INTO PUBLIC.CUSTOM_PRODUCT_OPTION (ID, DETAIL_NAME, OPTION_NAME, PRICE, CUSTOM_PRODUCT_ID, OPTION_DETAIL_ID) VALUES ('f8094dd2-1b88-4307-9636-361ab494d503', null, null, 0, 'e08ce553-9313-4f0e-a907-8cba2901405f', 'OPT-001');
INSERT INTO PUBLIC.CUSTOM_PRODUCT_OPTION (ID, DETAIL_NAME, OPTION_NAME, PRICE, CUSTOM_PRODUCT_ID, OPTION_DETAIL_ID) VALUES ('eea6c350-3f86-4b81-a147-3801ad5c1054', null, null, 0, 'e08ce553-9313-4f0e-a907-8cba2901405f', 'OPT-003');
INSERT INTO PUBLIC.CUSTOM_PRODUCT_OPTION (ID, DETAIL_NAME, OPTION_NAME, PRICE, CUSTOM_PRODUCT_ID, OPTION_DETAIL_ID) VALUES ('ba748dec-a89b-4511-8d8d-a3ac609456df', null, null, 0, 'e08ce553-9313-4f0e-a907-8cba2901405f', 'OPT-005');
INSERT INTO PUBLIC.CUSTOM_PRODUCT_OPTION (ID, DETAIL_NAME, OPTION_NAME, PRICE, CUSTOM_PRODUCT_ID, OPTION_DETAIL_ID) VALUES ('03c8f726-8f38-4857-ac9d-2317b0e92dd2', null, null, 0, 'eb39b9d2-5133-445c-a5d8-987d187dfea5', 'OPT-001');
INSERT INTO PUBLIC.CUSTOM_PRODUCT_OPTION (ID, DETAIL_NAME, OPTION_NAME, PRICE, CUSTOM_PRODUCT_ID, OPTION_DETAIL_ID) VALUES ('77832f61-31e1-4196-9dc7-a9ab1ababfd8', null, null, 0, 'eb39b9d2-5133-445c-a5d8-987d187dfea5', 'OPT-003');
INSERT INTO PUBLIC.CUSTOM_PRODUCT_OPTION (ID, DETAIL_NAME, OPTION_NAME, PRICE, CUSTOM_PRODUCT_ID, OPTION_DETAIL_ID) VALUES ('ce4de497-a7ef-410e-9b68-9e2d25efbfee', null, null, 0, 'eb39b9d2-5133-445c-a5d8-987d187dfea5', 'OPT-005');
INSERT INTO PUBLIC.CUSTOM_PRODUCT_OPTION (ID, DETAIL_NAME, OPTION_NAME, PRICE, CUSTOM_PRODUCT_ID, OPTION_DETAIL_ID) VALUES ('5b57aebc-e95a-4866-9d0f-d1a59c76e156', null, null, 0, '322a8c9e-f994-4ecb-9ea8-b5e355fed116', 'OPT-001');
INSERT INTO PUBLIC.CUSTOM_PRODUCT_OPTION (ID, DETAIL_NAME, OPTION_NAME, PRICE, CUSTOM_PRODUCT_ID, OPTION_DETAIL_ID) VALUES ('2c099d0c-bf3a-4542-b994-7fc35dbc958b', null, null, 0, '322a8c9e-f994-4ecb-9ea8-b5e355fed116', 'OPT-003');
INSERT INTO PUBLIC.CUSTOM_PRODUCT_OPTION (ID, DETAIL_NAME, OPTION_NAME, PRICE, CUSTOM_PRODUCT_ID, OPTION_DETAIL_ID) VALUES ('5dad544b-e25f-4b64-8e0c-4260efd2f0dc', null, null, 0, '322a8c9e-f994-4ecb-9ea8-b5e355fed116', 'OPT-005');
INSERT INTO PUBLIC.CUSTOM_PRODUCT_OPTION (ID, DETAIL_NAME, OPTION_NAME, PRICE, CUSTOM_PRODUCT_ID, OPTION_DETAIL_ID) VALUES ('08d0fb4e-f867-4910-a51b-4097b3fac2e4', null, null, 0, 'b52a534e-4d0e-41df-b9f6-2d51fbd2a878', 'OPT-001');
INSERT INTO PUBLIC.CUSTOM_PRODUCT_OPTION (ID, DETAIL_NAME, OPTION_NAME, PRICE, CUSTOM_PRODUCT_ID, OPTION_DETAIL_ID) VALUES ('4ececf32-af1e-421a-9ba0-c65ec7421f78', null, null, 0, 'b52a534e-4d0e-41df-b9f6-2d51fbd2a878', 'OPT-003');
INSERT INTO PUBLIC.CUSTOM_PRODUCT_OPTION (ID, DETAIL_NAME, OPTION_NAME, PRICE, CUSTOM_PRODUCT_ID, OPTION_DETAIL_ID) VALUES ('943515d5-2a97-4330-a1c8-c998d07217a6', null, null, 0, 'b52a534e-4d0e-41df-b9f6-2d51fbd2a878', 'OPT-005');
INSERT INTO PUBLIC.CUSTOM_PRODUCT_OPTION (ID, DETAIL_NAME, OPTION_NAME, PRICE, CUSTOM_PRODUCT_ID, OPTION_DETAIL_ID) VALUES ('52769160-eb59-4ef9-8784-610fdee0c10f', null, null, 0, '617cf4a5-438f-4625-8178-e1dbb82fc96f', 'OPT-001');
INSERT INTO PUBLIC.CUSTOM_PRODUCT_OPTION (ID, DETAIL_NAME, OPTION_NAME, PRICE, CUSTOM_PRODUCT_ID, OPTION_DETAIL_ID) VALUES ('f8602292-62b5-4ce6-bc26-d7ad21737254', null, null, 0, '617cf4a5-438f-4625-8178-e1dbb82fc96f', 'OPT-003');
INSERT INTO PUBLIC.CUSTOM_PRODUCT_OPTION (ID, DETAIL_NAME, OPTION_NAME, PRICE, CUSTOM_PRODUCT_ID, OPTION_DETAIL_ID) VALUES ('16ab495a-8894-4dba-9df1-c3dbd1267175', null, null, 0, '617cf4a5-438f-4625-8178-e1dbb82fc96f', 'OPT-005');
INSERT INTO PUBLIC.CUSTOM_PRODUCT_OPTION (ID, DETAIL_NAME, OPTION_NAME, PRICE, CUSTOM_PRODUCT_ID, OPTION_DETAIL_ID) VALUES ('1af476ae-26e7-4c03-9d10-bc4b15385565', null, null, 0, '51928435-29ef-4c07-84e4-e2a566dc77fd', 'OPT-001');
INSERT INTO PUBLIC.CUSTOM_PRODUCT_OPTION (ID, DETAIL_NAME, OPTION_NAME, PRICE, CUSTOM_PRODUCT_ID, OPTION_DETAIL_ID) VALUES ('2b09db89-e1c2-4802-831f-778feddc80d4', null, null, 0, '51928435-29ef-4c07-84e4-e2a566dc77fd', 'OPT-003');
INSERT INTO PUBLIC.CUSTOM_PRODUCT_OPTION (ID, DETAIL_NAME, OPTION_NAME, PRICE, CUSTOM_PRODUCT_ID, OPTION_DETAIL_ID) VALUES ('017fd807-3538-41d0-9f83-bfa661369cac', null, null, 0, '51928435-29ef-4c07-84e4-e2a566dc77fd', 'OPT-005');

-- REVIEW
INSERT INTO PUBLIC.REVIEW (ID, CONTENT, CREATED_AT, RATING, CUSTOM_PRODUCT_ID) VALUES ('REVIEW-001', 'good', '2023-11-23 07:20:26.879822', 3, '32cc59ec-53c8-467b-952e-ee12733b4868');
INSERT INTO PUBLIC.REVIEW (ID, CONTENT, CREATED_AT, RATING, CUSTOM_PRODUCT_ID) VALUES ('50780a57-d7af-42e8-921c-85c347560c85', 'good', '2023-11-23 07:20:26.904517', 3, '23f71f16-3ccc-4181-b05b-a93e7a2c977e');
INSERT INTO PUBLIC.REVIEW (ID, CONTENT, CREATED_AT, RATING, CUSTOM_PRODUCT_ID) VALUES ('a9854b9e-5ee4-4e51-b994-566be8e4d62b', 'good', '2023-11-23 07:20:26.918007', 3, 'e08ce553-9313-4f0e-a907-8cba2901405f');
INSERT INTO PUBLIC.REVIEW (ID, CONTENT, CREATED_AT, RATING, CUSTOM_PRODUCT_ID) VALUES ('1a2abb85-8453-40a3-98ea-247f95b49ae8', 'good', '2023-11-23 07:20:26.929532', 3, 'eb39b9d2-5133-445c-a5d8-987d187dfea5');
INSERT INTO PUBLIC.REVIEW (ID, CONTENT, CREATED_AT, RATING, CUSTOM_PRODUCT_ID) VALUES ('8fd2fde5-8d60-4cef-aa67-cbf24603683d', 'good', '2023-11-23 07:20:26.940771', 3, '322a8c9e-f994-4ecb-9ea8-b5e355fed116');
INSERT INTO PUBLIC.REVIEW (ID, CONTENT, CREATED_AT, RATING, CUSTOM_PRODUCT_ID) VALUES ('41f608f6-3080-4961-9878-6d9ca89c2a89', 'good', '2023-11-23 07:20:26.950791', 3, 'b52a534e-4d0e-41df-b9f6-2d51fbd2a878');
INSERT INTO PUBLIC.REVIEW (ID, CONTENT, CREATED_AT, RATING, CUSTOM_PRODUCT_ID) VALUES ('17f106c4-04e4-44f9-b738-b677f0037890', 'good', '2023-11-23 07:20:26.959309', 3, '617cf4a5-438f-4625-8178-e1dbb82fc96f');
INSERT INTO PUBLIC.REVIEW (ID, CONTENT, CREATED_AT, RATING, CUSTOM_PRODUCT_ID) VALUES ('0a8b4226-22f9-474e-9ee9-dbb76c533409', 'good', '2023-11-23 07:20:26.968401', 3, '51928435-29ef-4c07-84e4-e2a566dc77fd');

-- REVIEW_IMAGE
INSERT INTO PUBLIC.REVIEW_IMAGE (ID, URL, REVIEW_ID) VALUES ('b5102410-d620-4399-ab48-f69cb28fd154', 'https://liberty52.s3.ap-northeast-2.amazonaws.com/product/static/liberty52-frame.png', 'REVIEW-001');

-- REPLY
INSERT INTO PUBLIC.REPLY (ID, AUTH_ID, CONTENT, CREATED_AT, REVIEW_ID) VALUES ('8653a110-fed8-4489-a92e-e4f029627df8', 'TESTER-001', '맛있따0', '2023-11-23 07:20:26.880828', 'REVIEW-001');
INSERT INTO PUBLIC.REPLY (ID, AUTH_ID, CONTENT, CREATED_AT, REVIEW_ID) VALUES ('817a8edf-3e5e-4ad2-a5aa-2d7016848f23', 'TESTER-001', '맛있따1', '2023-11-23 07:20:26.880828', 'REVIEW-001');
INSERT INTO PUBLIC.REPLY (ID, AUTH_ID, CONTENT, CREATED_AT, REVIEW_ID) VALUES ('77a9c0f6-87c3-4a99-84f7-2d46f2b6f384', 'TESTER-001', '맛있따2', '2023-11-23 07:20:26.880828', 'REVIEW-001');